# Names of Developers with write access to this module
#
# There are two types of developers:
# 1) Administrators - entitled to edit all files in the module ,
#    in particular the .admin directory.  (Including this file) 
# 2) Regular Developers - entitled to edit all files in the module
#    except those in the .admin directory.
#
# Entries must have the following format:
#
#      [logname] : [Firstname Familyname] : [emailaddress]
#
#      where [logname] is the login name of the user (in lower case)
#            [Firstname Familyname] is the fullname of the user in free format
#            [emailaddress] any email address of the user
#
#      IMPORTANT: The only entry that uniqely identifies the user
#                 is the [loginname]. The rest of the entries are
#                 used for information and clarity purposes.
#
# You can find the information required to add a user, using the "phone"
# command from any CERN machine. "phone user -A" will give you a list of his
# accounts and lognames too.
# A safe assumption is to look for his ZH account on AFS/LXPLUS
# Please remember to use lower case for the logname.
# In case of doubts, please contact cvsadmin.cern.ch
#
# Important
# ---------
# --- Put names of regular developers after the >Developers Tag
# --- Put names of administrators after the >Administrators Tag
#
# NB: This file was automatically generated by CVS Admin Scripts.
#
>Developers
amassiro : Andrea Massironi : Andrea.Massironi@cern.ch
delre : Daniele Del Re : Daniele.Del.Re@cern.ch
dtgong : Datao Gong : dtgong@physics.umn.edu
futyand : David Futyan : David.Futyan@cern.ch
kodolova : Olga Kodolova : olga.kodolova@cern.ch
lorenzo : Lorenzo Agostino : Lorenzo.Agostino@cern.ch
malberti : Martina Malberti : Martina.Malberti@cern.ch
malgeri : Luca Malgeri : Luca.Malgeri@cern.ch
marat : Marat Gataoulline : Marat.Gataoulline@cern.ch
meridian : Paolo Meridiani : paolo.meridiani@cern.ch
michals : Michal Szleper : Michal.Szleper@cern.ch
palmale : Alessandro Palma : Alessandro.Palma@cern.ch
presotto : Luca Presotto : Luca.Presotto@cern.ch
ric : Riccardo Paramatti : Riccardo.Paramatti@cern.ch
rofierzy : Radek Ofierzynski : Radek.Ofierzynski@cern.ch
sergeant : Serguei Petrushanko : Serguei.Petrouchanko@cern.ch
vlitvin : Vladimir Litvine : Vladimir.Litvine@cern.ch
yma : Yousi Ma : Yousi.Ma@cern.ch
zeise : Manuel Zeise :  Manuel.Zeise@cern.ch


>Administrators
govoni : Pietro Govoni : pietro.govoni@mib.infn.it
lorenzo : Lorenzo Agostino : Lorenzo.Agostino@cern.ch
malgeri : Luca Malgeri : Luca.Malgeri@cern.ch
rofierzy : Radek Ofierzynski : Radek.Ofierzynski@cern.ch


