# Names of Developers with write access to this module
#
# There are two types of developers:
# 1) Administrators - entitled to edit all files in the module ,
#    in particular the .admin directory.  (Including this file) 
# 2) Regular Developers - entitled to edit all files in the module
#    except those in the .admin directory.
#
# You must use the full name of the developer as recorded on this system.
# see :
# http://cmsdoc.cern.ch/cmsoo/projects/swdevtools/developer_list.html 
# for a full list of names. If the developer you require is not on this
# list then email the cvs administrator (cvsadmin@cmscvs.cern.ch)
#
# Important
# ---------
# --- Put names of regular developers after the >Developers Tag
# --- Put names of administrators after the >Administrators Tag
#
# Mailists
# --------
# The bug reporting system can automatically send mail to all the developers
# and administrators. Add the email address after the name (seperated by a :)
# of developers to include in the list.
#
>Developers
fra : Francesca Cavallari : Francesca.Cavallari@cern.ch
ferriff: Federico Ferri : Federico.Ferri@cern.ch
paolocms : Paolo Ronchese : paolo.ronchese@pd.infn.it
paolocms : Paolo R. Ronchese : paolo.ronchese@pd.infn.it
boeriu : Oana Boeriu : oana.boeriu@cern.ch
gbruno : Giacomo Bruno : giacomo.bruno@cern.ch
case : Mike Case : case@physics.ucdavis.edu
mmaggi : Marcello Maggi : Marcello.Maggi@cern.ch
giordano : Domenico Giordano : domenico.giordano@cern.ch
bainbrid : Robert John Bainbridge : robert.bainbridge@cern.ch
fronga : Frederic Ronga : Frederic.Ronga@cern.ch
chiochia : Vincenzo Chiochia : Vincenzo.Chiochia@cern.ch
arizzi : Andrea Rizzi : Andrea.Rizzi@cern.ch
jbrooke : Jim Brooke : Jim.Brooke@cern.ch
wsun : Werner Man-Li Sun : wsun@mail.lepp.cornell.edu
heath : Gregory Heath : greg.heath@bristol.ac.uk
yumiceva : Francisco Xavie Yumiceva Del Pozo : yumiceva@fnal.gov
dkcira : Dorian Kcira : Dorian.Kcira@cern.ch
emanuele : Emanuele Di Marco : emanuele.di.marco@cern.ch
fblekman : Freya Blekman :  Freya.Blekman@cern.ch
michals : Michal Szleper : Michal.Szleper@cern.ch
dpagano : Davide Pagano : Davide.Pagano@cern.ch
yilmaz : Yetkin Yilmaz : Yetkin.Yilmaz@cern.ch
rofierzy : Radek Ofierzynski : Radek.Ofierzynski@cern.ch
katsas : Panagiotis katsas : Panagiotis.Katsas@cern.ch
trentad : Raffaello Trentadue : Raffaello.Trentadue@cern.ch
degrutto : Michele De Gruttola : Michele.De.Gruttola@cern.ch
heyburn : Bernadette Heyburn : Bernadette.Heyburn@cern.ch
dfehling : Dave Fehling : Dave.Fehling@cern.ch
friis : Evan Klose Friis : friis@physics.ucdavis.edu
sanabria : Juan Carlos SANABRIA ARENAS : Juan.Carlos.Sanabria.Arenas@cern.ch
aosorio : Andres Felipe Osorio Oliveros : Andres.Felipe.Osorio.Oliveros@cern.ch
sbologne : Sara Bolognesi : Sara.Bolognesi@cern.ch
dorigo : Tommaso Dorigo : tommaso.dorigo@pd.infn.it
demattia : Marco De Mattia : marco.demattia@pd.infn.it
chiara : Chiara Mariotti : Chiara.Mariotti@cern.ch
slava77 : Vyacheslav Krutelyov : Vyacheslav.Krutelyov@cern.ch
bellan : Riccardo Bellan : Riccardo.Bellan@cern.ch
diguida : Salvatore Di Guida : Salvatore.Di.Guida@cern.ch
valdo : Valdas Rapsevicius : valdas.rapsevicius@cern.ch
kukartse : Gennadiy Kukartsev : kukarzev@fnal.gov
cmkuo : Chia Ming Kuo : chia-ming.kuo@cern.ch
andersj: Jake Anderson : Jake.Anderson@cern.ch
pavlov  : Borislav Pavlov : Borislav.Pavlov@cern.ch
salerno : Roberto Salerno : Roberto.Salerno@cern.ch
tkolberg : Ted Kolberg : tkolberg@nd.edu
depasse: Pierre Depasse: Pierre.Depasse@cern.ch
fay: Jean Fay: Jean.Fay@cern.ch
gruen : Martin Grunewald : Martin.Grunewald@cern.ch


>Administrators
futyand: David Futyan : david.futyan@cern.ch
cerminar : Gianluca Cerminara : Gianluca.Cerminara@cern.ch



